,_title,frequency,percentage,cumulative_perc
0,"November 9, 2022",73,0.4269005847953216,0.4269005847953216
1,"November 10, 2022",26,0.15204678362573099,0.5789473684210527
2,"November 7, 2022",20,0.11695906432748537,0.695906432748538
3,"November 3, 2022",16,0.0935672514619883,0.7894736842105263
4,"November 12, 2022",15,0.08771929824561403,0.8771929824561404
5,"November 8, 2022",10,0.05847953216374269,0.9356725146198831
6,"November 4, 2022",9,0.05263157894736842,0.9883040935672516
