,214_customer_relationship_tools,frequency,percentage,cumulative_perc
0,Sin registro,76,0.4444444444444444,0.44444444444444464
1,Redes sociales,27,0.15789473684210525,0.60233918128655
2,Aplicaci贸n m贸vil,21,0.12280701754385964,0.7251461988304096
3,Ninguna,20,0.11695906432748537,0.842105263157895
4,"Aplicaci贸n m贸vil,Redes sociales",13,0.07602339181286549,0.9181286549707606
5,Cuaderno,6,0.03508771929824561,0.9532163742690062
